algorithm,family,stream_mode,alpha,final_f1_star,num_runs,avg_norm_abs_error,avg_relative_error,avg_memory_usage_bytes,avg_logical_size,avg_hh_f1
count_min,kosarak,non-interleaved,1.5,50000,1,0.0016935110452918672,53.06993718218039,23208.0,1360.0,0.59
count_min,kosarak,non-interleaved,1.5,100000,1,0.0016966522817004866,97.65793079276787,37380.0,1360.0,0.6
count_min,kosarak,non-interleaved,1.5,200000,1,0.0016900788525593092,185.6620090080333,52692.0,1360.0,0.54
count_min,kosarak,non-interleaved,1.5,500000,1,0.0016960531705395826,410.87971075892574,52852.0,1360.0,0.49
count_min,kosarak,non-interleaved,2.0,50000,1,0.0016889515634580013,53.01371178624273,23200.0,1360.0,0.61
count_min,kosarak,non-interleaved,2.0,100000,1,0.0016916717352415027,100.0131984057417,37244.0,1360.0,0.56
count_min,kosarak,non-interleaved,2.0,200000,1,0.0016905286554506909,184.42882106328767,52640.0,1360.0,0.51
count_min,kosarak,non-interleaved,2.0,500000,1,0.0016995096277278563,411.31555508313807,52844.0,1360.0,0.5
count_min,kosarak,non-interleaved,3.0,50000,1,0.0016828030868807568,52.562801488119916,23472.0,1360.0,0.59
count_min,kosarak,non-interleaved,3.0,100000,1,0.0016791269192332153,99.14903359129757,36660.0,1360.0,0.55
count_min,kosarak,non-interleaved,3.0,200000,1,0.0016776413222009305,183.0260681311932,52756.0,1360.0,0.52
count_min,kosarak,non-interleaved,3.0,500000,1,0.0017016533241542091,414.2355305288461,52836.0,1360.0,0.49
count_min,kosarak,non-interleaved,4.0,50000,1,0.0016816628987691535,52.70030962686144,23408.0,1360.0,0.61
count_min,kosarak,non-interleaved,4.0,100000,1,0.0016707129815592477,98.84157959846183,37000.0,1360.0,0.54
count_min,kosarak,non-interleaved,4.0,200000,1,0.001677107057620184,183.90813878190107,52620.0,1360.0,0.51
count_min,kosarak,non-interleaved,4.0,500000,1,0.0016957662595571443,410.8403962389297,52828.0,1360.0,0.49
count_min,kosarak,non-interleaved,6.0,50000,1,0.001671397369074212,52.93243291184875,23512.0,1360.0,0.59
count_min,kosarak,non-interleaved,6.0,100000,1,0.0016814253290966864,99.0976631962447,36500.0,1360.0,0.55
count_min,kosarak,non-interleaved,6.0,200000,1,0.0016865045350688914,181.62190654172932,52680.0,1360.0,0.52
count_min,kosarak,non-interleaved,6.0,500000,1,0.0017056237828267924,408.3698011039202,52820.0,1360.0,0.48
count_min,kosarak,non-interleaved,8.0,50000,1,0.0016360522312373225,51.716352668344605,23420.0,1360.0,0.58
count_min,kosarak,non-interleaved,8.0,100000,1,0.0016668159795228082,98.73138442592362,36672.0,1360.0,0.53
count_min,kosarak,non-interleaved,8.0,200000,1,0.0016986594798083505,184.5754604424915,52636.0,1360.0,0.53
count_min,kosarak,non-interleaved,8.0,500000,1,0.0017151066895368782,409.62811817631234,52812.0,1360.0,0.47
count_min,uniform,non-interleaved,1.5,50000,1,0.003343845570388349,147.4292854975728,16964.0,1360.0,0.0
count_min,uniform,non-interleaved,1.5,100000,1,0.003428920858749901,262.85396704051186,53116.0,1360.0,0.01
count_min,uniform,non-interleaved,1.5,200000,1,0.0035026018049874046,404.4052765424273,52972.0,1360.0,0.01
count_min,uniform,non-interleaved,1.5,500000,1,0.003557792547409107,459.7916311929062,52852.0,1360.0,0.0
count_min,uniform,non-interleaved,2.0,50000,1,0.00334772565742715,147.31195552848004,16928.0,1360.0,0.02
count_min,uniform,non-interleaved,2.0,100000,1,0.003442700028496343,264.189202599952,53092.0,1360.0,0.0
count_min,uniform,non-interleaved,2.0,200000,1,0.0035107565070591905,405.57961973075174,52948.0,1360.0,0.01
count_min,uniform,non-interleaved,2.0,500000,1,0.0035585823612886342,458.7353167256717,52844.0,1360.0,0.0
count_min,uniform,non-interleaved,3.0,50000,1,0.003346470169008349,146.91079422045746,16920.0,1360.0,0.01
count_min,uniform,non-interleaved,3.0,100000,1,0.003436413208742477,263.3898618338688,53068.0,1360.0,0.0
count_min,uniform,non-interleaved,3.0,200000,1,0.0034982628134591996,403.0033362290303,52924.0,1360.0,0.01
count_min,uniform,non-interleaved,3.0,500000,1,0.003559263530856493,459.2173607739458,52836.0,1360.0,0.0
count_min,uniform,non-interleaved,4.0,50000,1,0.003337989795918367,146.40539328231293,16940.0,1360.0,0.02
count_min,uniform,non-interleaved,4.0,100000,1,0.003442873846153846,264.7457600576062,53044.0,1360.0,0.01
count_min,uniform,non-interleaved,4.0,200000,1,0.0034917253712370717,403.13503997956934,52900.0,1360.0,0.01
count_min,uniform,non-interleaved,4.0,500000,1,0.003562396990845645,459.46873829365734,52828.0,1360.0,0.0
count_min,uniform,non-interleaved,6.0,50000,1,0.003349417386883579,147.1887620742247,16960.0,1360.0,0.01
count_min,uniform,non-interleaved,6.0,100000,1,0.003445128111910219,264.6270622438496,53020.0,1360.0,0.01
count_min,uniform,non-interleaved,6.0,200000,1,0.0035091005988300847,404.2205531039278,52876.0,1360.0,0.01
count_min,uniform,non-interleaved,6.0,500000,1,0.0035560136965607533,457.6949680729052,52820.0,1360.0,0.0
count_min,uniform,non-interleaved,8.0,50000,1,0.003343782030160943,147.14133732824013,16812.0,1360.0,0.01
count_min,uniform,non-interleaved,8.0,100000,1,0.0034369949071584474,263.56793746695524,52996.0,1360.0,0.0
count_min,uniform,non-interleaved,8.0,200000,1,0.0035036798015886782,404.1633343714495,52860.0,1360.0,0.0
count_min,uniform,non-interleaved,8.0,500000,1,0.003558261248477896,458.9912723088844,52812.0,1360.0,0.0
count_min,zipf,non-interleaved,1.5,50000,1,0.0008259037370946633,33.46392289181809,23784.0,1360.0,0.8399999999999999
count_min,zipf,non-interleaved,1.5,100000,1,0.0008445001330612969,67.05000310367662,28152.0,1360.0,0.87
count_min,zipf,non-interleaved,1.5,200000,1,0.0008583205958907903,132.0847340682741,37364.0,1360.0,0.81
count_min,zipf,non-interleaved,1.5,500000,1,0.0008650417921686747,312.09858484462177,52708.0,1360.0,0.7100000000000001
count_min,zipf,non-interleaved,2.0,50000,1,0.0008205884066414214,33.147437062216255,23924.0,1360.0,0.8399999999999999
count_min,zipf,non-interleaved,2.0,100000,1,0.0008402044971671388,66.83281491307886,28012.0,1360.0,0.83
count_min,zipf,non-interleaved,2.0,200000,1,0.0008583627576959607,131.7946414813309,37196.0,1360.0,0.79
count_min,zipf,non-interleaved,2.0,500000,1,0.0008641968513853904,311.40084174890075,52736.0,1360.0,0.7100000000000001
count_min,zipf,non-interleaved,3.0,50000,1,0.0008412140391254315,34.177183395892015,23812.0,1360.0,0.83
count_min,zipf,non-interleaved,3.0,100000,1,0.0008417248695959684,67.0369845504787,27872.0,1360.0,0.83
count_min,zipf,non-interleaved,3.0,200000,1,0.000858546788482835,132.457113442716,37028.0,1360.0,0.8000000000000002
count_min,zipf,non-interleaved,3.0,500000,1,0.0008672570905186028,311.7178369471049,52652.0,1360.0,0.7100000000000001
count_min,zipf,non-interleaved,4.0,50000,1,0.0008279337401918048,33.501108093223465,23756.0,1360.0,0.8399999999999999
count_min,zipf,non-interleaved,4.0,100000,1,0.0008469372303899992,67.40535746250816,28068.0,1360.0,0.82
count_min,zipf,non-interleaved,4.0,200000,1,0.0008499124818252993,130.59311243591938,36944.0,1360.0,0.8000000000000002
count_min,zipf,non-interleaved,4.0,500000,1,0.0008617250948166877,310.17737891070794,52764.0,1360.0,0.7
count_min,zipf,non-interleaved,6.0,50000,1,0.000827933788296791,33.571847405165286,23812.0,1360.0,0.87
count_min,zipf,non-interleaved,6.0,100000,1,0.0008451991873509408,67.35181431148109,27956.0,1360.0,0.83
count_min,zipf,non-interleaved,6.0,200000,1,0.0008564296052997829,131.66507822033444,37084.0,1360.0,0.81
count_min,zipf,non-interleaved,6.0,500000,1,0.0008604248089433462,310.36842681721885,52764.0,1360.0,0.72
count_min,zipf,non-interleaved,8.0,50000,1,0.0008339652223489167,33.92931688807669,23924.0,1360.0,0.82
count_min,zipf,non-interleaved,8.0,100000,1,0.0008427264692885551,67.18535530788736,28012.0,1360.0,0.8399999999999999
count_min,zipf,non-interleaved,8.0,200000,1,0.0008515430007340899,130.09661479499,37252.0,1360.0,0.81
count_min,zipf,non-interleaved,8.0,500000,1,0.0008653837015619598,312.18405343959665,52708.0,1360.0,0.69
count_sketch,kosarak,non-interleaved,1.5,50000,1,1.387140565222757e-06,0.04493229627135472,535460.0,50000.0,1.0
count_sketch,kosarak,non-interleaved,1.5,100000,1,2.5277752272518595e-06,0.15283557939352033,610188.0,50000.0,0.99
count_sketch,kosarak,non-interleaved,1.5,200000,1,4.099313438923255e-06,0.4905594968059532,703200.0,50000.0,0.99
count_sketch,kosarak,non-interleaved,1.5,500000,1,5.330641985033478e-06,1.5321894807853325,853812.0,50000.0,0.99
count_sketch,kosarak,non-interleaved,2.0,50000,1,1.7069282648681793e-06,0.05657186741354722,536124.0,50000.0,1.0
count_sketch,kosarak,non-interleaved,2.0,100000,1,3.0393559928443653e-06,0.19134913076837207,609716.0,50000.0,1.0
count_sketch,kosarak,non-interleaved,2.0,200000,1,4.058952263712215e-06,0.47946014262063763,703848.0,50000.0,0.99
count_sketch,kosarak,non-interleaved,2.0,500000,1,5.486916164708206e-06,1.581360610866679,854532.0,50000.0,1.0
count_sketch,kosarak,non-interleaved,3.0,50000,1,1.7500622354991289e-06,0.05668474988568563,534912.0,50000.0,0.99
count_sketch,kosarak,non-interleaved,3.0,100000,1,3.2942672844553466e-06,0.20827793493706598,608992.0,50000.0,1.0
count_sketch,kosarak,non-interleaved,3.0,200000,1,4.259170544757733e-06,0.5180468929944876,700688.0,50000.0,1.0
count_sketch,kosarak,non-interleaved,3.0,500000,1,5.5933320220298975e-06,1.6133168615971423,854384.0,50000.0,0.99
count_sketch,kosarak,non-interleaved,4.0,50000,1,1.9291635267520722e-06,0.0646457045462812,536248.0,50000.0,0.99
count_sketch,kosarak,non-interleaved,4.0,100000,1,3.2536059886799347e-06,0.20727335052268328,606252.0,50000.0,0.99
count_sketch,kosarak,non-interleaved,4.0,200000,1,4.461302420729628e-06,0.5609031133395984,699964.0,50000.0,0.99
count_sketch,kosarak,non-interleaved,4.0,500000,1,5.993446529639559e-06,1.8258878006478083,854264.0,50000.0,0.99
count_sketch,kosarak,non-interleaved,6.0,50000,1,2.310747083643584e-06,0.07623962759372147,534700.0,50000.0,1.0
count_sketch,kosarak,non-interleaved,6.0,100000,1,3.5215615070358605e-06,0.22363415748799545,609084.0,50000.0,1.0
count_sketch,kosarak,non-interleaved,6.0,200000,1,4.677352350619678e-06,0.5893621437105228,705540.0,50000.0,0.99
count_sketch,kosarak,non-interleaved,6.0,500000,1,6.395396872233697e-06,1.989536236116148,855348.0,50000.0,1.0
count_sketch,kosarak,non-interleaved,8.0,50000,1,2.18052738336714e-06,0.07334466044668483,533012.0,50000.0,0.99
count_sketch,kosarak,non-interleaved,8.0,100000,1,3.676752902459092e-06,0.24531817373772263,604636.0,50000.0,1.0
count_sketch,kosarak,non-interleaved,8.0,200000,1,4.725530458590007e-06,0.5878757405911498,710236.0,50000.0,0.98
count_sketch,kosarak,non-interleaved,8.0,500000,1,6.5696642979661854e-06,2.02385737156334,854976.0,50000.0,1.0
count_sketch,uniform,non-interleaved,1.5,50000,1,2.2202669902912624e-05,0.9780487290992449,498864.0,50000.0,0.17
count_sketch,uniform,non-interleaved,1.5,100000,1,1.8392299770260636e-05,1.408997898771328,642640.0,50000.0,0.08
count_sketch,uniform,non-interleaved,1.5,200000,1,1.5201818854145002e-05,1.7521905781733835,782804.0,50000.0,0.09
count_sketch,uniform,non-interleaved,1.5,500000,1,1.263461770745259e-05,1.6294749126222094,941900.0,50000.0,0.0
count_sketch,uniform,non-interleaved,2.0,50000,1,2.238501370697533e-05,0.9853690730023352,499164.0,50000.0,0.18
count_sketch,uniform,non-interleaved,2.0,100000,1,1.8401671785454202e-05,1.4116219093152886,643512.0,50000.0,0.10000000000000002
count_sketch,uniform,non-interleaved,2.0,200000,1,1.5346195205994244e-05,1.7716671906709256,783648.0,50000.0,0.07
count_sketch,uniform,non-interleaved,2.0,500000,1,1.2628395446905727e-05,1.623792662344627,940268.0,50000.0,0.02
count_sketch,uniform,non-interleaved,3.0,50000,1,2.239309712889432e-05,0.9812389703386953,500360.0,50000.0,0.15
count_sketch,uniform,non-interleaved,3.0,100000,1,1.8336078555590752e-05,1.4054682338567357,642256.0,50000.0,0.09
count_sketch,uniform,non-interleaved,3.0,200000,1,1.529877801586842e-05,1.7654370400678385,782392.0,50000.0,0.03
count_sketch,uniform,non-interleaved,3.0,500000,1,1.2672571894470896e-05,1.6381650292041396,941772.0,50000.0,0.01
count_sketch,uniform,non-interleaved,4.0,50000,1,2.2477040816326534e-05,0.9873928571428572,499680.0,50000.0,0.15
count_sketch,uniform,non-interleaved,4.0,100000,1,1.8301538461538463e-05,1.4046805923421308,642960.0,50000.0,0.04
count_sketch,uniform,non-interleaved,4.0,200000,1,1.5191194314439245e-05,1.7530283003207254,782648.0,50000.0,0.08
count_sketch,uniform,non-interleaved,4.0,500000,1,1.2654440718249292e-05,1.6316760333392033,942884.0,50000.0,0.0
count_sketch,uniform,non-interleaved,6.0,50000,1,2.2366039654295885e-05,0.9832185222843586,499084.0,50000.0,0.16
count_sketch,uniform,non-interleaved,6.0,100000,1,1.8452224768829528e-05,1.4160593949110505,644784.0,50000.0,0.07
count_sketch,uniform,non-interleaved,6.0,200000,1,1.515207740861483e-05,1.7419126155713172,780636.0,50000.0,0.04
count_sketch,uniform,non-interleaved,6.0,500000,1,1.2655199154035955e-05,1.624268479278032,941560.0,50000.0,0.02
count_sketch,uniform,non-interleaved,8.0,50000,1,2.229324546952224e-05,0.9811663076078232,497452.0,50000.0,0.14
count_sketch,uniform,non-interleaved,8.0,100000,1,1.832331635719483e-05,1.406252193567143,641316.0,50000.0,0.09
count_sketch,uniform,non-interleaved,8.0,200000,1,1.5295824806040214e-05,1.7672064173963304,783232.0,50000.0,0.01
count_sketch,uniform,non-interleaved,8.0,500000,1,1.2595980637824672e-05,1.6286649486181843,940292.0,50000.0,0.0
count_sketch,zipf,non-interleaved,1.5,50000,1,2.620328631670787e-06,0.11660279331639065,472448.0,50000.0,1.0
count_sketch,zipf,non-interleaved,1.5,100000,1,3.6840237736183806e-06,0.3160843372727301,508288.0,50000.0,1.0
count_sketch,zipf,non-interleaved,1.5,200000,1,4.295287146259068e-06,0.7152395585372548,571176.0,50000.0,1.0
count_sketch,zipf,non-interleaved,1.5,500000,1,4.479166666666667e-06,1.7906032478920415,728116.0,50000.0,1.0
count_sketch,zipf,non-interleaved,2.0,50000,1,2.4584911156422957e-06,0.10713399316191326,472000.0,50000.0,1.0
count_sketch,zipf,non-interleaved,2.0,100000,1,3.6703257790368276e-06,0.3158164732843167,507476.0,50000.0,1.0
count_sketch,zipf,non-interleaved,2.0,200000,1,4.201352030839712e-06,0.6964075467515469,572744.0,50000.0,1.0
count_sketch,zipf,non-interleaved,2.0,500000,1,4.481675062972292e-06,1.7823575628033683,725960.0,50000.0,1.0
count_sketch,zipf,non-interleaved,3.0,50000,1,2.448216340621404e-06,0.10882631048937139,473064.0,50000.0,1.0
count_sketch,zipf,non-interleaved,3.0,100000,1,3.6177172663778625e-06,0.31232394827941434,506272.0,50000.0,0.99
count_sketch,zipf,non-interleaved,3.0,200000,1,4.204318936877077e-06,0.7024610383041324,571736.0,50000.0,1.0
count_sketch,zipf,non-interleaved,3.0,500000,1,4.4890404901775e-06,1.782229848236852,729936.0,50000.0,1.0
count_sketch,zipf,non-interleaved,4.0,50000,1,2.682359779133973e-06,0.11808332446907194,473316.0,50000.0,0.99
count_sketch,zipf,non-interleaved,4.0,100000,1,3.7080728937406464e-06,0.317480549779936,507168.0,50000.0,0.99
count_sketch,zipf,non-interleaved,4.0,200000,1,4.110837713902248e-06,0.6800259500708052,568796.0,50000.0,1.0
count_sketch,zipf,non-interleaved,4.0,500000,1,4.428318584070796e-06,1.7594125311274293,726772.0,50000.0,1.0
count_sketch,zipf,non-interleaved,6.0,50000,1,2.599099753158124e-06,0.1141532519269617,472420.0,50000.0,1.0
count_sketch,zipf,non-interleaved,6.0,100000,1,3.6701704796396083e-06,0.31521691608458713,506916.0,50000.0,0.98
count_sketch,zipf,non-interleaved,6.0,200000,1,4.211991315481824e-06,0.70363774936659,572548.0,50000.0,1.0
count_sketch,zipf,non-interleaved,6.0,500000,1,4.478746920987811e-06,1.782225865012787,726128.0,50000.0,0.99
count_sketch,zipf,non-interleaved,8.0,50000,1,2.6596351197263404e-06,0.11854977740136735,473232.0,50000.0,0.99
count_sketch,zipf,non-interleaved,8.0,100000,1,3.5457357490057448e-06,0.3060918796615411,506580.0,50000.0,1.0
count_sketch,zipf,non-interleaved,8.0,200000,1,4.07758766728782e-06,0.6759147478998051,572072.0,50000.0,1.0
count_sketch,zipf,non-interleaved,8.0,500000,1,4.4726735598227475e-06,1.7788535976595317,727640.0,50000.0,1.0
double_mg,kosarak,non-interleaved,1.5,50000,1,9.782302850796002e-05,0.9971304373087267,17968.0,298.0,0.31
double_mg,kosarak,non-interleaved,1.5,100000,1,7.317234413736111e-05,0.9993898446421751,14396.0,298.0,0.14
double_mg,kosarak,non-interleaved,1.5,200000,1,5.372442390048264e-05,0.9989154785500665,15164.0,298.0,0.29
double_mg,kosarak,non-interleaved,1.5,500000,1,3.888243402914533e-05,0.9995870930507457,13172.0,298.0,0.29
double_mg,kosarak,non-interleaved,2.0,50000,1,9.492090741876149e-05,0.9939589085439093,46616.0,398.0,0.28
double_mg,kosarak,non-interleaved,2.0,100000,1,6.94293381037567e-05,0.9981482379100076,47800.0,398.0,0.33
double_mg,kosarak,non-interleaved,2.0,200000,1,5.2771166735056765e-05,0.9985807596548999,36056.0,398.0,0.24
double_mg,kosarak,non-interleaved,2.0,500000,1,3.808156413547941e-05,0.9993540873070077,45768.0,398.0,0.31
double_mg,kosarak,non-interleaved,3.0,50000,1,9.312920089619118e-05,0.9953856397748007,26988.0,598.0,0.41
double_mg,kosarak,non-interleaved,3.0,100000,1,6.774870536931044e-05,0.997668210671456,28700.0,598.0,0.41999999999999993
double_mg,kosarak,non-interleaved,3.0,200000,1,5.075999178757186e-05,0.9990160165607304,28292.0,598.0,0.47
double_mg,kosarak,non-interleaved,3.0,500000,1,3.65926435877262e-05,0.9987416055385414,34176.0,598.0,0.4000000000000001
double_mg,kosarak,non-interleaved,4.0,50000,1,9.076111529766391e-05,0.9876823741593755,95156.0,798.0,0.41999999999999993
double_mg,kosarak,non-interleaved,4.0,100000,1,6.597316048931898e-05,0.9981997631952549,82864.0,798.0,0.49
double_mg,kosarak,non-interleaved,4.0,200000,1,4.906068871462666e-05,0.996852950907824,90128.0,798.0,0.49
double_mg,kosarak,non-interleaved,4.0,500000,1,3.5830801310694076e-05,0.9988414990495192,89828.0,798.0,0.41999999999999993
double_mg,kosarak,non-interleaved,6.0,50000,1,8.656242243732937e-05,0.9895778766838197,61796.0,1198.0,0.61
double_mg,kosarak,non-interleaved,6.0,100000,1,6.247843849296414e-05,0.9915646002456974,58488.0,1198.0,0.7
double_mg,kosarak,non-interleaved,6.0,200000,1,4.787821089801288e-05,0.9973635701194031,53208.0,1198.0,0.69
double_mg,kosarak,non-interleaved,6.0,500000,1,3.412117635487361e-05,0.9981158232334558,58344.0,1198.0,0.7100000000000001
double_mg,kosarak,non-interleaved,8.0,50000,1,8.379310344827587e-05,0.9921504767712189,79192.0,1598.0,0.89
double_mg,kosarak,non-interleaved,8.0,100000,1,6.023311088764969e-05,0.9881031978635876,152680.0,1598.0,0.91
double_mg,kosarak,non-interleaved,8.0,200000,1,4.58305954825462e-05,0.9966382773087581,134800.0,1598.0,0.89
double_mg,kosarak,non-interleaved,8.0,500000,1,3.295917667238422e-05,0.996846077282515,109384.0,1598.0,0.92
double_mg,uniform,non-interleaved,1.5,50000,1,2.5238673139158578e-05,0.9981922532362459,11876.0,298.0,0.01
double_mg,uniform,non-interleaved,1.5,100000,1,1.5836964271567774e-05,0.9995207161530539,12420.0,298.0,0.02
double_mg,uniform,non-interleaved,1.5,200000,1,1.1550070489264832e-05,0.9994379843041702,12180.0,298.0,0.0
double_mg,uniform,non-interleaved,1.5,500000,1,1.0063634899545034e-05,0.9998133334390733,11940.0,298.0,0.0
double_mg,uniform,non-interleaved,2.0,50000,1,2.5302061122956647e-05,0.9968080515788404,24924.0,398.0,0.01
double_mg,uniform,non-interleaved,2.0,100000,1,1.5802805306652315e-05,0.9981239907545199,25436.0,398.0,0.02
double_mg,uniform,non-interleaved,2.0,200000,1,1.1562966132072199e-05,1.0,25196.0,398.0,0.01
double_mg,uniform,non-interleaved,2.0,500000,1,1.006030535119413e-05,0.9995617185009904,24972.0,398.0,0.0
double_mg,uniform,non-interleaved,3.0,50000,1,2.5416921197312156e-05,0.9985428120545714,23100.0,598.0,0.01
double_mg,uniform,non-interleaved,3.0,100000,1,1.58132720937599e-05,0.9982776369971492,23580.0,598.0,0.0
double_mg,uniform,non-interleaved,3.0,200000,1,1.1577517808536515e-05,0.9994878201468809,23340.0,598.0,0.0
double_mg,uniform,non-interleaved,3.0,500000,1,1.0063716065910395e-05,0.9997393967455972,23148.0,598.0,0.0
double_mg,uniform,non-interleaved,4.0,50000,1,2.5448469387755102e-05,0.9972950680272109,48924.0,798.0,0.02
double_mg,uniform,non-interleaved,4.0,100000,1,1.5779092702169626e-05,1.0,38144.0,798.0,0.01
double_mg,uniform,non-interleaved,4.0,200000,1,1.1535101404056163e-05,0.9980032668678881,49104.0,798.0,0.0
double_mg,uniform,non-interleaved,4.0,500000,1,1.006280149450638e-05,0.9990689615429034,60144.0,798.0,0.0
double_mg,uniform,non-interleaved,6.0,50000,1,2.5301982714794103e-05,0.9951766649720386,45252.0,1198.0,0.01
double_mg,uniform,non-interleaved,6.0,100000,1,1.578313443452146e-05,0.9983142337785506,45724.0,1198.0,0.02
double_mg,uniform,non-interleaved,6.0,200000,1,1.1540195602413818e-05,0.9978726613532746,45484.0,1198.0,0.0
double_mg,uniform,non-interleaved,6.0,500000,1,1.0063084747469662e-05,0.9990203318650118,45356.0,1198.0,0.01
double_mg,uniform,non-interleaved,8.0,50000,1,2.5300722341908505e-05,0.9980547459130655,96960.0,1598.0,0.0
double_mg,uniform,non-interleaved,8.0,100000,1,1.5771834371935596e-05,0.9966432585750589,97344.0,1598.0,0.0
double_mg,uniform,non-interleaved,8.0,200000,1,1.1520748783054102e-05,0.995511074148037,119392.0,1598.0,0.0
double_mg,uniform,non-interleaved,8.0,500000,1,1.0055530396803832e-05,0.9989884731038914,97036.0,1598.0,0.0
double_mg,zipf,non-interleaved,1.5,50000,1,7.222916969608841e-05,0.9955517787598709,14580.0,298.0,0.42999999999999994
double_mg,zipf,non-interleaved,1.5,100000,1,4.394571099086312e-05,0.9971845092252969,17052.0,298.0,0.49
double_mg,zipf,non-interleaved,1.5,200000,1,2.7508168577283048e-05,0.9979404500707099,17408.0,298.0,0.46
double_mg,zipf,non-interleaved,1.5,500000,1,1.5591239959839356e-05,0.9993748793273469,14804.0,298.0,0.37
double_mg,zipf,non-interleaved,2.0,50000,1,6.735799592193417e-05,0.9935174209254254,26080.0,398.0,0.52
double_mg,zipf,non-interleaved,2.0,100000,1,4.0684313031161476e-05,0.9969002037962496,29020.0,398.0,0.58
double_mg,zipf,non-interleaved,2.0,200000,1,2.5883289569249678e-05,0.9984641638031205,35428.0,398.0,0.49
double_mg,zipf,non-interleaved,2.0,500000,1,1.4580100755667506e-05,0.9991962851085179,25268.0,398.0,0.59
double_mg,zipf,non-interleaved,3.0,50000,1,6.012082853855006e-05,0.986816060304098,30476.0,598.0,0.72
double_mg,zipf,non-interleaved,3.0,100000,1,3.6770400495093275e-05,0.9953295802889804,27564.0,598.0,0.7
double_mg,zipf,non-interleaved,3.0,200000,1,2.3184108527131784e-05,0.9981488220597099,30560.0,598.0,0.7100000000000001
double_mg,zipf,non-interleaved,3.0,500000,1,1.3216789842713664e-05,0.9976967668524847,34284.0,598.0,0.69
double_mg,zipf,non-interleaved,4.0,50000,1,5.556524266201686e-05,0.9842261804739315,42064.0,798.0,0.87
double_mg,zipf,non-interleaved,4.0,100000,1,3.406461836429263e-05,0.9944676765423109,37948.0,798.0,0.85
double_mg,zipf,non-interleaved,4.0,200000,1,2.1605245498266414e-05,0.9970126807029492,53120.0,798.0,0.89
double_mg,zipf,non-interleaved,4.0,500000,1,1.2242730720606826e-05,0.9981844636990526,44724.0,798.0,0.89
double_mg,zipf,non-interleaved,6.0,50000,1,5.001306809931756e-05,0.9819692183239263,53988.0,1198.0,0.98
double_mg,zipf,non-interleaved,6.0,100000,1,3.083119865736243e-05,0.9900243694961813,60456.0,1198.0,0.98
double_mg,zipf,non-interleaved,6.0,200000,1,1.9338918888827035e-05,0.9950074445855869,51944.0,1198.0,1.0
double_mg,zipf,non-interleaved,6.0,500000,1,1.0955283269121455e-05,0.996972735328557,63704.0,1198.0,0.99
double_mg,zipf,non-interleaved,8.0,50000,1,4.6185860889395665e-05,0.9808681448763693,103636.0,1598.0,0.99
double_mg,zipf,non-interleaved,8.0,100000,1,2.8016791869200177e-05,0.9817798420404564,105316.0,1598.0,1.0
double_mg,zipf,non-interleaved,8.0,200000,1,1.8028121294257157e-05,0.9904246795118181,97700.0,1598.0,1.0
double_mg,zipf,non-interleaved,8.0,500000,1,1.011477419152079e-05,0.9957357908238018,91552.0,1598.0,1.0
double_ss,kosarak,non-interleaved,1.5,50000,1,0.005202009132420091,164.26511251910256,32020.0,300.0,0.31
double_ss,kosarak,non-interleaved,1.5,100000,1,0.005246763382609494,303.6392672669587,32628.0,300.0,0.14
double_ss,kosarak,non-interleaved,1.5,200000,1,0.005216266739174766,573.0495638077373,36056.0,300.0,0.29
double_ss,kosarak,non-interleaved,1.5,500000,1,0.0052271131350925554,1262.2682192551567,35792.0,300.0,0.29
double_ss,kosarak,non-interleaved,2.0,50000,1,0.0037849147762109136,120.32563425551596,54544.0,400.0,0.28
double_ss,kosarak,non-interleaved,2.0,100000,1,0.0038204221824686938,227.87271543550352,55092.0,400.0,0.33
double_ss,kosarak,non-interleaved,2.0,200000,1,0.0038072062645328956,415.66150319805695,59920.0,400.0,0.24
double_ss,kosarak,non-interleaved,2.0,500000,1,0.0038199047101807053,925.2702951654301,59744.0,400.0,0.31
double_ss,kosarak,non-interleaved,3.0,50000,1,0.002406806074184715,76.67155557489824,55516.0,600.0,0.41
double_ss,kosarak,non-interleaved,3.0,100000,1,0.00242222767329881,145.0202385780214,63564.0,600.0,0.41999999999999993
double_ss,kosarak,non-interleaved,3.0,200000,1,0.0024241934711196275,266.7977890043544,70828.0,600.0,0.47
double_ss,kosarak,non-interleaved,3.0,500000,1,0.002445387293469709,597.6528728096274,70712.0,600.0,0.4000000000000001
double_ss,kosarak,non-interleaved,4.0,50000,1,0.0017287189148455161,55.62710727155375,98156.0,800.0,0.41999999999999993
double_ss,kosarak,non-interleaved,4.0,100000,1,0.0017439729779076137,105.31423764306477,118856.0,800.0,0.49
double_ss,kosarak,non-interleaved,4.0,200000,1,0.0017509359018070237,194.83247388663224,118616.0,800.0,0.49
double_ss,kosarak,non-interleaved,4.0,500000,1,0.0017701381193525967,433.56976839707124,118588.0,800.0,0.41999999999999993
double_ss,kosarak,non-interleaved,6.0,50000,1,0.0010924373293621247,36.150401633947794,110076.0,1200.0,0.61
double_ss,kosarak,non-interleaved,6.0,100000,1,0.001087488878801634,66.26086328820396,140768.0,1200.0,0.7
double_ss,kosarak,non-interleaved,6.0,200000,1,0.001107060513743682,122.28413657773035,140500.0,1200.0,0.69
double_ss,kosarak,non-interleaved,6.0,500000,1,0.0011238543326448313,274.2635540626092,140448.0,1200.0,0.7100000000000001
double_ss,kosarak,non-interleaved,8.0,50000,1,0.0007556186612576065,25.412992646618964,196044.0,1600.0,0.89
double_ss,kosarak,non-interleaved,8.0,100000,1,0.0007695749154401681,47.804040981462215,236532.0,1600.0,0.91
double_ss,kosarak,non-interleaved,8.0,200000,1,0.0007940913757700206,89.45922279519591,236404.0,1600.0,0.89
double_ss,kosarak,non-interleaved,8.0,500000,1,0.0008090138691497182,198.72462166655606,236132.0,1600.0,0.92
double_ss,uniform,non-interleaved,1.5,50000,1,0.006634751719255664,292.6730679443096,32188.0,300.0,0.01
double_ss,uniform,non-interleaved,1.5,100000,1,0.0066541532123900815,510.3444005839681,32684.0,300.0,0.02
double_ss,uniform,non-interleaved,1.5,200000,1,0.006653447271718783,768.5647304175393,36588.0,300.0,0.0
double_ss,uniform,non-interleaved,1.5,500000,1,0.006655935378668922,860.5690012035257,36380.0,300.0,0.0
double_ss,uniform,non-interleaved,2.0,50000,1,0.004954697938877043,218.1518656716418,54768.0,400.0,0.01
double_ss,uniform,non-interleaved,2.0,100000,1,0.004974197194693347,381.91501559383215,55232.0,400.0,0.02
double_ss,uniform,non-interleaved,2.0,200000,1,0.004993426395939087,577.1732679043813,60564.0,400.0,0.01
double_ss,uniform,non-interleaved,2.0,500000,1,0.004987939694648806,643.3656167330515,60388.0,400.0,0.0
double_ss,uniform,non-interleaved,3.0,50000,1,0.0033145433720219914,145.62459699314465,63188.0,600.0,0.01
double_ss,uniform,non-interleaved,3.0,100000,1,0.003314177066835603,254.21945114409402,71964.0,600.0,0.0
double_ss,uniform,non-interleaved,3.0,200000,1,0.0033234122314241034,383.25075322886926,71724.0,600.0,0.0
double_ss,uniform,non-interleaved,3.0,500000,1,0.0033239323180367804,429.1659044291407,71580.0,600.0,0.0
double_ss,uniform,non-interleaved,4.0,50000,1,0.002474509693877551,108.6631768707483,108460.0,800.0,0.02
double_ss,uniform,non-interleaved,4.0,100000,1,0.0024842209072978303,191.24489214489213,120004.0,800.0,0.01
double_ss,uniform,non-interleaved,4.0,200000,1,0.0024834648985959436,287.12423841423754,119764.0,800.0,0.0
double_ss,uniform,non-interleaved,4.0,500000,1,0.0024899292627168996,321.46353568004673,119652.0,800.0,0.0
double_ss,uniform,non-interleaved,6.0,50000,1,0.001634657854600915,71.9460697339434,125280.0,1200.0,0.01
double_ss,uniform,non-interleaved,6.0,100000,1,0.0016541786137674861,127.27054547575769,142364.0,1200.0,0.02
double_ss,uniform,non-interleaved,6.0,200000,1,0.0016534500936394533,190.79913744581236,142124.0,1200.0,0.0
double_ss,uniform,non-interleaved,6.0,500000,1,0.001655932927136311,213.459519814157,142044.0,1200.0,0.01
double_ss,uniform,non-interleaved,8.0,50000,1,0.0012345750855404893,54.44019093482026,215784.0,1600.0,0.0
double_ss,uniform,non-interleaved,8.0,100000,1,0.0012341883086072186,94.8624491243054,238436.0,1600.0,0.0
double_ss,uniform,non-interleaved,8.0,200000,1,0.0012384386670829142,143.20237382096363,238196.0,1600.0,0.0
double_ss,uniform,non-interleaved,8.0,500000,1,0.0012399364993106502,160.26495514478052,238148.0,1600.0,0.0
double_ss,zipf,non-interleaved,1.5,50000,1,0.0032476690417333138,132.6256045821793,28072.0,300.0,0.42999999999999994
double_ss,zipf,non-interleaved,1.5,100000,1,0.0032659850971347468,260.45079820397626,31496.0,300.0,0.49
double_ss,zipf,non-interleaved,1.5,200000,1,0.0032874666334385557,506.52535931510243,31432.0,300.0,0.46
double_ss,zipf,non-interleaved,1.5,500000,1,0.0032984044302208832,1188.6421064821589,34764.0,300.0,0.37
double_ss,zipf,non-interleaved,2.0,50000,1,0.002252519662103117,92.07903432106514,49232.0,400.0,0.52
double_ss,zipf,non-interleaved,2.0,100000,1,0.002259323654390935,180.92541901407765,53880.0,400.0,0.58
double_ss,zipf,non-interleaved,2.0,200000,1,0.0022940938041231354,353.3625420449455,54048.0,400.0,0.49
double_ss,zipf,non-interleaved,2.0,500000,1,0.002301417002518892,829.4902516051826,58612.0,400.0,0.59
double_ss,zipf,non-interleaved,3.0,50000,1,0.0013397008055235902,55.43339938678683,54608.0,600.0,0.72
double_ss,zipf,non-interleaved,3.0,100000,1,0.0013531809742728317,109.11763574189119,61888.0,600.0,0.7
double_ss,zipf,non-interleaved,3.0,200000,1,0.0013767696566998893,213.86143251180866,68860.0,600.0,0.7
double_ss,zipf,non-interleaved,3.0,500000,1,0.0013827749352536165,498.3464657389829,68916.0,600.0,0.69
double_ss,zipf,non-interleaved,4.0,50000,1,0.00090427782621331,37.59741726765909,96136.0,800.0,0.87
double_ss,zipf,non-interleaved,4.0,100000,1,0.0009358781582885817,75.83088994403813,98124.0,800.0,0.85
double_ss,zipf,non-interleaved,4.0,200000,1,0.0009483603623755733,147.22228849640834,116156.0,800.0,0.89
double_ss,zipf,non-interleaved,4.0,500000,1,0.0009577447534766119,346.48778450708676,115960.0,800.0,0.89
double_ss,zipf,non-interleaved,6.0,50000,1,0.0005298446348192245,22.321798780354957,106748.0,1200.0,0.98
double_ss,zipf,non-interleaved,6.0,100000,1,0.0005589877219326914,45.785919366791184,108792.0,1200.0,0.98
double_ss,zipf,non-interleaved,6.0,200000,1,0.000560651895563102,87.72634452346452,136820.0,1200.0,1.0
double_ss,zipf,non-interleaved,6.0,500000,1,0.0005690296848354702,207.11062422055943,137156.0,1200.0,0.99
double_ss,zipf,non-interleaved,8.0,50000,1,0.0003732041049030787,15.975381773846788,190904.0,1600.0,0.99
double_ss,zipf,non-interleaved,8.0,100000,1,0.00037190985417587274,30.711048810268743,193984.0,1600.0,1.0
double_ss,zipf,non-interleaved,8.0,200000,1,0.0003820116889717093,59.803320439832135,231868.0,1600.0,1.0
double_ss,zipf,non-interleaved,8.0,500000,1,0.00039387064332631447,143.9640435368201,231756.0,1600.0,1.0
integrated_sspm,kosarak,non-interleaved,1.5,50000,1,0.00017766506232259657,1.7707076528285326,23710.0,125.0,0.19
integrated_sspm,kosarak,non-interleaved,1.5,100000,1,0.00014019190157010374,1.9517188152628082,23966.0,125.0,0.09
integrated_sspm,kosarak,non-interleaved,1.5,200000,1,0.0001001464890218204,2.045924628968962,24450.0,125.0,0.11
integrated_sspm,kosarak,non-interleaved,1.5,500000,1,7.343274911382434e-05,1.9154033109545736,25046.0,125.0,0.12
integrated_sspm,kosarak,non-interleaved,2.0,50000,1,0.00019584794604537095,2.400950891720997,26554.0,150.0,0.09
integrated_sspm,kosarak,non-interleaved,2.0,100000,1,0.00014140787119856888,2.276331401633761,27230.0,150.0,0.10000000000000002
integrated_sspm,kosarak,non-interleaved,2.0,200000,1,0.00011065654493229381,2.3137113264236313,27434.0,150.0,0.10000000000000002
integrated_sspm,kosarak,non-interleaved,2.0,500000,1,7.924567986570554e-05,2.3334649400332075,28282.0,150.0,0.10000000000000002
integrated_sspm,kosarak,non-interleaved,3.0,50000,1,0.00021655215334826986,2.9023286305960054,41542.0,200.0,0.10000000000000002
integrated_sspm,kosarak,non-interleaved,3.0,100000,1,0.00016477968565458345,2.80963774923832,42386.0,200.0,0.10000000000000002
integrated_sspm,kosarak,non-interleaved,3.0,200000,1,0.00012338283602518477,2.0743806576026813,42982.0,200.0,0.10000000000000002
integrated_sspm,kosarak,non-interleaved,3.0,500000,1,9.205753343823761e-05,2.7743919939301467,43494.0,200.0,0.10000000000000002
integrated_sspm,kosarak,non-interleaved,4.0,50000,1,0.0002659482542074856,3.089518032019445,47098.0,250.0,0.09
integrated_sspm,kosarak,non-interleaved,4.0,100000,1,0.00018787931349278803,3.2946677304716836,48362.0,250.0,0.10000000000000002
integrated_sspm,kosarak,non-interleaved,4.0,200000,1,0.0001386604159563587,2.4527523290789435,49070.0,250.0,0.10000000000000002
integrated_sspm,kosarak,non-interleaved,4.0,500000,1,0.00010216492900407109,3.512804599446679,50170.0,250.0,0.10000000000000002
integrated_sspm,kosarak,non-interleaved,6.0,50000,1,0.0002915115413253909,5.019402519909804,76798.0,350.0,0.10000000000000002
integrated_sspm,kosarak,non-interleaved,6.0,100000,1,0.0002139718565592374,4.35850160143471,78510.0,350.0,0.10000000000000002
integrated_sspm,kosarak,non-interleaved,6.0,200000,1,0.00016615176902305613,3.7241100064475,79554.0,350.0,0.10000000000000002
integrated_sspm,kosarak,non-interleaved,6.0,500000,1,0.00012107189928199076,3.4540940345915905,82110.0,350.0,0.10000000000000002
integrated_sspm,kosarak,non-interleaved,8.0,50000,1,0.0003219903651115619,4.880608288585597,88142.0,450.0,0.10000000000000002
integrated_sspm,kosarak,non-interleaved,8.0,100000,1,0.0002513182192156504,4.59009970123501,90218.0,450.0,0.10000000000000002
integrated_sspm,kosarak,non-interleaved,8.0,200000,1,0.00019338877481177278,5.000871059121685,91486.0,450.0,0.10000000000000002
integrated_sspm,kosarak,non-interleaved,8.0,500000,1,0.00014359705954422936,4.791912883328893,94182.0,450.0,0.10000000000000002
integrated_sspm,uniform,non-interleaved,1.5,50000,1,5.341879045307444e-05,2.136807241100324,22954.0,125.0,0.02
integrated_sspm,uniform,non-interleaved,1.5,100000,1,3.3038421928226255e-05,2.098999822697042,23126.0,125.0,0.03
integrated_sspm,uniform,non-interleaved,1.5,200000,1,2.5379313134114492e-05,2.3803602105983717,23078.0,125.0,0.0
integrated_sspm,uniform,non-interleaved,1.5,500000,1,2.2613681201433347e-05,2.178080977947357,23086.0,125.0,0.0
integrated_sspm,uniform,non-interleaved,2.0,50000,1,5.5637120519849725e-05,2.233287220360781,25574.0,150.0,0.01
integrated_sspm,uniform,non-interleaved,2.0,100000,1,3.7262609631763924e-05,2.4197748788905424,25718.0,150.0,0.02
integrated_sspm,uniform,non-interleaved,2.0,200000,1,2.8272781934021716e-05,2.665788982475499,25698.0,150.0,0.0
integrated_sspm,uniform,non-interleaved,2.0,500000,1,2.5018065438149775e-05,2.6696099094135044,25762.0,150.0,0.0
integrated_sspm,uniform,non-interleaved,3.0,50000,1,6.083078802687844e-05,2.4719761759315824,40002.0,200.0,0.01
integrated_sspm,uniform,non-interleaved,3.0,100000,1,4.042318656952803e-05,2.7308626333016575,40174.0,200.0,0.0
integrated_sspm,uniform,non-interleaved,3.0,200000,1,3.246163201482597e-05,2.993027520152672,40210.0,200.0,0.0
integrated_sspm,uniform,non-interleaved,3.0,500000,1,3.0130673296626976e-05,3.3477807910329775,40274.0,200.0,0.0
integrated_sspm,uniform,non-interleaved,4.0,50000,1,6.398061224489796e-05,2.669058673469388,45222.0,250.0,0.02
integrated_sspm,uniform,non-interleaved,4.0,100000,1,4.716244575936884e-05,3.258819723865878,45394.0,250.0,0.01
integrated_sspm,uniform,non-interleaved,4.0,200000,1,3.766198647945918e-05,3.3875738690923303,45486.0,250.0,0.0
integrated_sspm,uniform,non-interleaved,4.0,500000,1,3.505179411261166e-05,3.976163951308971,45578.0,250.0,0.0
integrated_sspm,uniform,non-interleaved,6.0,50000,1,7.629079816980173e-05,3.0960049144212842,74138.0,350.0,0.01
integrated_sspm,uniform,non-interleaved,6.0,100000,1,5.5538449379593774e-05,3.9069145657156406,74310.0,350.0,0.01
integrated_sspm,uniform,non-interleaved,6.0,200000,1,4.685851194192041e-05,4.651591595459945,74374.0,350.0,0.0
integrated_sspm,uniform,non-interleaved,6.0,500000,1,4.4549755778236574e-05,5.271485881195585,74550.0,350.0,0.0
integrated_sspm,uniform,non-interleaved,8.0,50000,1,7.528272715752124e-05,3.1144911924977823,84502.0,450.0,0.0
integrated_sspm,uniform,non-interleaved,8.0,100000,1,6.526776958846045e-05,4.751134290745369,84758.0,450.0,0.0
integrated_sspm,uniform,non-interleaved,8.0,200000,1,5.866812353301653e-05,6.139415887991975,84794.0,450.0,0.0
integrated_sspm,uniform,non-interleaved,8.0,500000,1,5.4987370306634864e-05,6.696883946175224,85026.0,450.0,0.0
integrated_sspm,zipf,non-interleaved,1.5,50000,1,0.00011458775628907955,2.172397789654486,23474.0,125.0,0.29
integrated_sspm,zipf,non-interleaved,1.5,100000,1,6.528342056240575e-05,1.7108448521812083,23838.0,125.0,0.4000000000000001
integrated_sspm,zipf,non-interleaved,1.5,200000,1,4.200088608295952e-05,2.2064520225303625,24062.0,125.0,0.36
integrated_sspm,zipf,non-interleaved,1.5,500000,1,2.4501317771084336e-05,2.387096031030989,24398.0,125.0,0.27
integrated_sspm,zipf,non-interleaved,2.0,50000,1,0.0001120069909699971,2.2903302713024685,23218.0,150.0,0.23
integrated_sspm,zipf,non-interleaved,2.0,100000,1,6.937234419263457e-05,2.336113241945825,26774.0,150.0,0.25
integrated_sspm,zipf,non-interleaved,2.0,200000,1,4.434130398346276e-05,2.4074955232597004,27250.0,150.0,0.22
integrated_sspm,zipf,non-interleaved,2.0,500000,1,2.497380352644836e-05,2.3863634952870454,27474.0,150.0,0.22
integrated_sspm,zipf,non-interleaved,3.0,50000,1,0.00011615650172612198,2.3059857681824028,36842.0,200.0,0.23
integrated_sspm,zipf,non-interleaved,3.0,100000,1,7.618689771019362e-05,2.6294541639508338,41574.0,200.0,0.23
integrated_sspm,zipf,non-interleaved,3.0,200000,1,4.646954595791805e-05,2.850694456762397,41994.0,200.0,0.24
integrated_sspm,zipf,non-interleaved,3.0,500000,1,2.8739498452403512e-05,3.019682022693772,42442.0,200.0,0.22
integrated_sspm,zipf,non-interleaved,4.0,50000,1,0.00012565533275210694,2.3617387819045303,41146.0,250.0,0.24
integrated_sspm,zipf,non-interleaved,4.0,100000,1,7.693458931243947e-05,2.769598154103431,47558.0,250.0,0.24
integrated_sspm,zipf,non-interleaved,4.0,200000,1,5.356335980315401e-05,3.245366238421365,47950.0,250.0,0.24
integrated_sspm,zipf,non-interleaved,4.0,500000,1,3.0271934260429834e-05,3.170179635780828,48902.0,250.0,0.24
integrated_sspm,zipf,non-interleaved,6.0,50000,1,0.00013647742122840134,3.06954530203383,67942.0,350.0,0.28
integrated_sspm,zipf,non-interleaved,6.0,100000,1,8.753025351117392e-05,3.1594415241806186,76874.0,350.0,0.25
integrated_sspm,zipf,non-interleaved,6.0,200000,1,5.788203529477259e-05,3.4996764012752495,77770.0,350.0,0.26
integrated_sspm,zipf,non-interleaved,6.0,500000,1,3.5292174572096254e-05,4.231863468927106,78806.0,350.0,0.25
integrated_sspm,zipf,non-interleaved,8.0,50000,1,0.00013543044469783354,2.9602189943236006,76522.0,450.0,0.28
integrated_sspm,zipf,non-interleaved,8.0,100000,1,9.386301369863014e-05,3.3877523343625366,87778.0,450.0,0.28
integrated_sspm,zipf,non-interleaved,8.0,200000,1,6.570331469874076e-05,4.274391588242785,89010.0,450.0,0.27
integrated_sspm,zipf,non-interleaved,8.0,500000,1,3.722693987868883e-05,3.8055918483392337,90886.0,450.0,0.27
